Song,Artist
Beautiful People (feat. Khalid),"Ed Sheeran,Khalid"
Blinding Lights,The Weeknd
Lights Down Low,Nathan Jackson
Circles,Post Malone
Rockabye (feat. Sean Paul & Anne-Marie),"Clean Bandit,Sean Paul,Anne-Marie"
The Home Depot Beat,The Home Depot
Eye of the Tiger,Survivor
Don't Stop Believin',Journey
Cheap Thrills,Sia
Am I Wrong,Nico & Vinz
Calabria 2007 (feat. Natasja) - Radio Edit,"Enur,Natasja"
Blue (I'm Blue da Ba Dee),Cruise Control
If You Close Your Eyes,Nate Bass
Best Day Of My Life,American Authors
Pompeii (But If You Close Your Eyes),When Thieves Run
You Spin My Head Right Round,Tomas Bellwais
Wake Me Up,Avicii
Shut Up And Dance With Me,Fun Guns
I Love It - Radio Edit,Re-Mix Junkies
Ceiling Can't Hold Us,Like the Bike
Glad You Came (The Sun Goes Down the Stars Come Out),The Worst Cover Band Of The World
Good Time,Michel Pego
Hello,Adele
Gangnam Style (강남스타일),PSY
Say Geronimo (Dance Mix),Prairie Grass
Shut Up and Dance,WALK THE MOON
Glad You Came,Sun Goes Down
Dark Horse,"Katy Perry,Juicy J"
Don't Let Me Down,"The Chainsmokers,Daya"
Ain't No Sunshine,Bill Withers
Friday,Rebecca Black
Untitled (How Could This Happen to Me?),Simple Plan
How Deep Is Your Love,Bee Gees
Outside (feat. Ellie Goulding),"Calvin Harris,Ellie Goulding"
This Is What You Came For,"Calvin Harris,Rihanna"
Promiscuous,"Nelly Furtado,Timbaland"
One Way Or Another,Blondie
"Hey Look Ma, I Made It",Panic! At The Disco
High Hopes,Panic! At The Disco
Shut up and Dance With Me,Me With Wings
#That Power,Michel Pego
Timber,"Pitbull,Kesha"
Count on Me,Bruno Mars
24K Magic,Bruno Mars
Just the Way You Are,Bruno Mars
That's What I Like,Bruno Mars
Billie Jean,Michael Jackson
She Will Be Loved,Maroon 5
Give Me Everything (feat. Nayer),"Pitbull,AFROJACK,Ne-Yo,Nayer"
DJ Got Us Fallin' In Love (Made Famous by Usher),The Future Hit Makers
Feel This Moment (feat. Christina Aguilera),"Pitbull,Christina Aguilera"
Time of Our Lives,"Pitbull,Ne-Yo"
Uptown Funk (feat. Bruno Mars),"Mark Ronson,Bruno Mars"
Welcome to My House,Dj Dira
Really Dont Care,I Don't Fly
Sugar,Maroon 5
Firework,Katy Perry
Scream and Shout (Clean Mix) [feat. Daja],"DJ DMX,Da'ja"
Something Just Like This,"The Chainsmokers,Coldplay"
How Deep Is Your Love,"Calvin Harris,Disciples"
Cake By The Ocean,DNCE
Titanium,DJ Fit Hits
Roar,Katy Perry
Good Time,"Owl City,Carly Rae Jepsen"
Grenade,Bruno Mars
All of Me,John Legend
Paparazzi,Lady Gaga
Poker Face,Lady Gaga
Shake It Off,Taylor Swift
Delicate,Taylor Swift
Blank Space,Taylor Swift
Bad Blood,Taylor Swift
Look What You Made Me Do,Taylor Swift
You Belong With Me,Taylor Swift
Can't Stop the Feeling,I Can't Breathe
Moves Like Jagger,The Jonas
Cheerleader - Felix Jaehn Remix Live 2015,OMI
I Don't Care,Blinded by Love
"All I Do Is Win (feat. T-Pain, Ludacris, Snoop Dogg & Rick Ross)",DJ Khaled
Cha Cha Slide - Original Live Platinum Band Mix,DJ Casper
Locked Away (feat. Adam Levine),"R. City,Adam Levine"
It Wasn't Me,"Shaggy,Rik Rok"
Starships,Nicki Minaj
Safe And Sound,Capital Cities
a thousand years,Christina Perri
HandClap,Fitz and The Tantrums
Cha Cha Slide,Mr. C
Dancing With A Stranger (with Normani),"Sam Smith,Normani"
Attention,Charlie Puth
It Ain’t Me (with Selena Gomez),"Kygo,Selena Gomez"
Everyone Falls in Love,Tanto Metro & Devonte
Dynamite,Taio Cruz
Lights Down Low,MAX
Beggin',Måneskin
Halo,Beyoncé
Bad Habits,Ed Sheeran
you broke me first,Tate McRae
Fancy,"Iggy Azalea,Charli xcx"
...Ready For It?,Taylor Swift
Last Friday Night (T.G.I.F.),Katy Perry
On & On,"Cartoon,Daniel Levi"
Castle on the Hill,Ed Sheeran
Whatever It Takes,Imagine Dragons
Believer,Imagine Dragons
Thunder,Imagine Dragons
Demons,Imagine Dragons
Try Again,Aaliyah Tribute
death bed (coffee for your head),"Powfu,beabadoobee"
Wildest Dreams,Taylor Swift
Mr. Blue Sky,Electric Light Orchestra
What A Wonderful World,Louis Armstrong
Animals,Maroon 5
What's My Name?,"Rihanna,Drake"
Everyone Falls in Love,Tanto Metro & Devonte
"Sit Still, Look Pretty",Daya
Counting Stars,OneRepublic
SexyBack (feat. Timbaland),"Justin Timberlake,Timbaland"
S&M,Rihanna
One Dance,"Drake,Wizkid,Kyla"
Dance Monkey,Tones And I
Scars To Your Beautiful,Alessia Cara
Drag Me Down,One Direction
What Makes You Beautiful,One Direction
Sucker,Jonas Brothers
Sucker,Jonas Brothers
Stitches - Seeb Remix,"Shawn Mendes,Seeb"
Locked out of Heaven,Bruno Mars
Locked out of Heaven,Bruno Mars
Say My Name,"David Guetta,Bebe Rexha,J Balvin"
Song 6,Daniel Powter
Free Loop,Daniel Powter
Bad Day,Daniel Powter
Jimmy Gets High,Daniel Powter
Styrofoam,Daniel Powter
Hollywood,Daniel Powter
I Took A Pill In Ibiza - Seeb Remix,"Mike Posner,Seeb"
Love Me Like You Do,Ellie Goulding
"Just Like Fire (From the Original Motion Picture ""Alice Through The Looking Glass"")",P!nk
Stressed Out,Twenty One Pilots
Deep End,Fousheé
Heathens,Twenty One Pilots
Lane Boy,Twenty One Pilots
House of Gold,Twenty One Pilots
Love Yourself,Justin Bieber
Love On The Brain,Rihanna
Maps,Maroon 5
Best Song Ever,One Direction
There's Nothing Holdin' Me Back,Shawn Mendes
Shape of You,Ed Sheeran
Chandelier,Sia
Holy (feat. Chance The Rapper),"Justin Bieber,Chance the Rapper"
stupid,Tate McRae
Wild Ones (feat. Sia),"Flo Rida,Sia"
Dancin - Krono Remix,"Aaron Smith,Luvli,Krono"
Moan,trentemøller
Talk,"Khalid,Disclosure"
One More Night,Maroon 5
Starboy,"The Weeknd,Daft Punk"
Wolves,"Selena Gomez,Marshmello"
Be With You,Enrique Iglesias
Rude,MAGIC!
Down,"Jay Sean,Lil Wayne"
All My Love (feat. Conor Maynard) - Audien Remix,"Cash Cash,Conor Maynard,Audien"
Circus,Britney Spears
Closer,"The Chainsmokers,Halsey"
I Want It That Way,Backstreet Boys
Shivers,Ed Sheeran
Afterglow,Ed Sheeran
Galway Girl - Martin Jensen Remix,"Ed Sheeran,Martin Jensen"
Heart Attack,Demi Lovato
Waka Waka (This Time for Africa) [The Official 2010 FIFA World Cup (TM) Song] (feat. Freshlyground),"Shakira,Freshlyground"
Shine Bright Like a Diamond,Masters of Youth
Work from Home (feat. Ty Dolla $ign),"Fifth Harmony,Ty Dolla $ign"
The Best Day of My Life,James Kraus
Glad You Came,The Wanted
Fight Song,Rachel Platten
"Whenever, Wherever",Shakira
Crazy In Love (feat. Jay-Z),"Beyoncé,JAY-Z"
Where Is The Love?,Black Eyed Peas
Toxic,Britney Spears
Yeah! (feat. Lil Jon & Ludacris),"USHER,Lil Jon,Ludacris"
Genie In a Bottle,Christina Aguilera
...Baby One More Time,Britney Spears
Oops!...I Did It Again,Britney Spears
Don't Cha,"The Pussycat Dolls,Busta Rhymes"
Umbrella,"Rihanna,JAY-Z"
Just Dance,"Lady Gaga,Colby O'Donis"
Boom Boom Pow,Black Eyed Peas
Right Round,"Flo Rida,Kesha"
Moves Like Jagger,"Maroon 5,Christina Aguilera"
Rolling in the Deep,Adele
Closer,"The Chainsmokers,Halsey"
All About That Bass,Meghan Trainor
See You Again (feat. Charlie Puth),"Wiz Khalifa,Charlie Puth"
Love Yourself,Justin Bieber
All About That Bass,Meghan Trainor
Cold Heart - PNAU Remix,"Elton John,Dua Lipa,PNAU"
Where Have You Been,Rihanna
Stressed Out,Twenty One Pilots
Perfect,Ed Sheeran
Shape of You,Ed Sheeran
Can't Buy Me Loving / La La La,Rauf & Faik
On The Floor,"Jennifer Lopez,Pitbull"
это ли счастье?,Rauf & Faik
Save Your Tears,The Weeknd
The Monster,"Eminem,Rihanna"
Always On Time,"Ja Rule,Ashanti"
Do I Wanna Know?,Arctic Monkeys
Light Switch,Charlie Puth
Rolex,Ayo & Teo
Stanky Legg - Main Edit,GS Boyz
Beautiful Mistakes (feat. Megan Thee Stallion),"Maroon 5,Megan Thee Stallion"
The Nights,Avicii
"Mood (Remix) feat. Justin Bieber, J Balvin & iann dior","24kGoldn,Justin Bieber,J Balvin,iann dior"
Break My Heart,Dua Lipa
Heat Waves,Glass Animals
Live While We're Young,One Direction
Teeth,5 Seconds of Summer
Quit Playing Games (With My Heart),Backstreet Boys
You,"Regard,Troye Sivan,Tate McRae"
Quit Playing Games (With My Heart),Backstreet Boys
It's Gonna Be Me,*NSYNC
"Just Like Fire (From the Original Motion Picture ""Alice Through The Looking Glass"")",P!nk
It's Not Right But It's Okay,Whitney Houston
"I'm the One (feat. Justin Bieber, Quavo, Chance the Rapper & Lil Wayne)","DJ Khaled,Justin Bieber,Quavo,Chance the Rapper,Lil Wayne"
MIA (feat. Drake),"Bad Bunny,Drake"
Teeth,5 Seconds of Summer
Love Me Like You Do,Ellie Goulding
In Da Club,50 Cent
Only Girl (In The World),Rihanna
Temperature,Sean Paul
Mad Love,"Sean Paul,David Guetta,Becky G"
Crank That (Soulja Boy),Soulja Boy
One Right Now (with The Weeknd),"Post Malone,The Weeknd"
WITHOUT YOU,The Kid LAROI
Always On Time,"Ja Rule,Ashanti"
In My Feelings,Drake
Jocelyn Flores,XXXTENTACION
See You Again (feat. Charlie Puth),"Wiz Khalifa,Charlie Puth"
Loverboy,A-Wall
It's Not Right But It's Okay,Whitney Houston
The Way I Are,"Timbaland,Keri Hilson,D.O.E."
You Can Call Me Al,Paul Simon
Uptown Girl,Billy Joel
Side To Side,"Ariana Grande,Nicki Minaj"
There's Nothing Holdin' Me Back,Shawn Mendes
Calabria 2008,"Enur,Natasja"
Stereo Love,"Edward Maya,Vika Jigulina"
Try Again,Aaliyah
I Don't Care (with Justin Bieber),"Ed Sheeran,Justin Bieber"
Let Me Love You,"DJ Snake,Justin Bieber"
Sunflower - Spider-Man: Into the Spider-Verse,"Post Malone,Swae Lee"
everytime,Ariana Grande
breathin,Ariana Grande
Dynamite,Taio Cruz
Dynamite,BTS
Bon Appétit,"Katy Perry,Migos"
I Like It,"Cardi B,Bad Bunny,J Balvin"
South of the Border (feat. Camila Cabello & Cardi B),"Ed Sheeran,Camila Cabello,Cardi B"
Talk Dirty (feat. 2 Chainz),"Jason Derulo,2 Chainz"
Strawberry Fields Forever - Remastered 2009,The Beatles
Talk,"Khalid,Disclosure"
Love Lies (with Normani),"Khalid,Normani"
ROXANNE,Arizona Zervas
Work,"Rihanna,Drake"
All 4 Nothing (I'm So In Love),Lauv
What's My Name?,"Rihanna,Drake"
All 4 Nothing (I'm So In Love),Lauv
You Proof,Morgan Wallen
Crazy In Love (feat. Jay-Z),"Beyoncé,JAY-Z"
seaside_demo,SEB
Love Again,Dua Lipa
I Feel It Coming,"The Weeknd,Daft Punk"
Good as Hell,Lizzo
Can't Feel My Face,The Weeknd
Chandelier,Sia
Don't Wanna Know (feat. Kendrick Lamar),"Maroon 5,Kendrick Lamar"
Life Goes On,Oliver Tree
Bohemian Rhapsody,Queen
Lalala,"Y2K,bbno$"
Quit Playing Games (With My Heart),Backstreet Boys
I Love Rock 'N Roll,Joan Jett & the Blackhearts
Every Breaking Wave,U2
2step (feat. Lil Baby),"Ed Sheeran,Lil Baby"
Worth It (feat. Kid Ink),"Fifth Harmony,Kid Ink"
We Don't Talk Anymore (feat. Selena Gomez),"Charlie Puth,Selena Gomez"
Anytime,Brian McKnight
Wanna Be Startin' Somethin',Michael Jackson
Adore You,Harry Styles
Count on Me,Bruno Mars
No Excuses,Meghan Trainor
Black Beatles,"Rae Sremmurd,Gucci Mane"
Better When I'm Dancin',Meghan Trainor
What About Us,P!nk
Mama Said,Lukas Graham
Umbrella,"Rihanna,JAY-Z"
What's My Name?,"Rihanna,Drake"
We Found Love,"Rihanna,Calvin Harris"
Crazy In Love (feat. Jay-Z),"Beyoncé,JAY-Z"
Empire State Of Mind,"JAY-Z,Alicia Keys"
Run This Town,"JAY-Z,Rihanna,Kanye West"
Payphone,"Maroon 5,Wiz Khalifa"
Take My Breath,The Weeknd
Late Night Talking,Harry Styles
Big Energy,Latto
You,"Regard,Troye Sivan,Tate McRae"
Sweet Dreams,La Bouche
I Want It That Way,Backstreet Boys
Ms. Jackson,Outkast
Right Round,"Flo Rida,Kesha"
Single Ladies (Put a Ring on It),Beyoncé
Listen To Your Heart,Roxette
Can't Stop Us Now,"Pitbull,Zac Brown"
Love Me Again,John Newman
Sweater Weather,The Neighbourhood
Do I Wanna Know?,Arctic Monkeys
"Happy - From ""Despicable Me 2""",Pharrell Williams
Royals,Lorde
Apologize,"Timbaland,OneRepublic"
Teenage Dream,Katy Perry
Diamonds,Rihanna
Pump Up The Jam,Technotronic
What's Luv? (feat. Ja-Rule & Ashanti),"Fat Joe,Ja Rule,Ashanti"
It Feels So Good,Sonique
Larger Than Life,Backstreet Boys
First Class,Jack Harlow
What Goes Around.../...Comes Around (Interlude),Justin Timberlake
DON'T YOU WORRY,"Black Eyed Peas,Shakira,David Guetta"
Centuries,Fall Out Boy
Brainless,Eminem
I Took A Pill In Ibiza - Seeb Remix,"Mike Posner,Seeb"
Can't Stop Us Now,"Pitbull,Zac Brown"
"Just Like Fire (From the Original Motion Picture ""Alice Through The Looking Glass"")",P!nk
Stereo Love,"Edward Maya,Vika Jigulina"
Oops!...I Did It Again,Britney Spears
On The Floor,"Jennifer Lopez,Pitbull"
Havana (feat. Young Thug),"Camila Cabello,Young Thug"
Crooked Smile (feat. TLC),"J. Cole,TLC"
I Know You Want Me (Calle Ocho),Pitbull
Here Comes The Hotstepper,iNi Kamoze
Sweet Child O' Mine,Guns N' Roses
Mo Money Mo Problems (feat. Puff Daddy & Mase) - 2014 Remaster,"The Notorious B.I.G.,Mase,Diddy"
Numb Little Bug,Em Beihold
About Damn Time,Lizzo
Numb,"Marshmello,Khalid"
Killing Me Softly With His Song,"Fugees,Ms. Lauryn Hill"
Girl on Fire,Alicia Keys
Unstoppable,Sia
Don't Let Go (Love),En Vogue
Waiting for Tonight,Jennifer Lopez
Lose Control,"MEDUZA,Becky Hill,Goodboys"
BREAK MY SOUL,Beyoncé
Get Ur Freak On,Missy Elliott
Hips Don't Lie (feat. Wyclef Jean),"Shakira,Wyclef Jean"
Titanium (feat. Sia),"David Guetta,Sia"
Ice Cream (with Selena Gomez),"BLACKPINK,Selena Gomez"
TiK ToK,Kesha
Shower,Becky G
Treat You Better,Shawn Mendes
California Gurls,"Katy Perry,Snoop Dogg"
Someone Like You,Adele
Say It Right,Nelly Furtado
Can't Hold Us (feat. Ray Dalton),"Macklemore & Ryan Lewis,Macklemore,Ryan Lewis,Ray Dalton"
Rhythm Is A Dancer,SNAP!
Are You That Somebody,Aaliyah
Don't Stop The Music,Rihanna
Sunroof,"Nicky Youre,dazy"
Late Night Talking,Harry Styles
The Monster,"Eminem,Rihanna"
First Class,Jack Harlow
Betty (Get Money),Yung Gravy
You Right,"Doja Cat,The Weeknd"
Turn Me On,Kevin Lyttle
DON'T YOU WORRY,"Black Eyed Peas,Shakira,David Guetta"
Take My Breath,The Weeknd
Total Eclipse of the Heart,Bonnie Tyler
I Kissed A Girl,Katy Perry
...Baby One More Time,Britney Spears
Havana (feat. Young Thug),"Camila Cabello,Young Thug"
Need to Know,Doja Cat
Side To Side,"Ariana Grande,Nicki Minaj"
Level Up,Ciara
Larger Than Life,Backstreet Boys
Ghost,Justin Bieber
Maria Maria (feat. The Product G&B),"Santana,The Product G&B"
Let Me Love You,"DJ Snake,Justin Bieber"
Love Again,Dua Lipa
TiK ToK,Kesha
Titanium (feat. Sia),"David Guetta,Sia"
Shower,Becky G
Story of My Life,One Direction
Black Magic,Little Mix
Stereo Hearts (feat. Adam Levine),"Gym Class Heroes,Adam Levine"
Tourner Dans Le Vide,Indila
Lonely (with benny blanco),"Justin Bieber,benny blanco"
BREAK MY SOUL,Beyoncé
Total Eclipse of the Heart,Bonnie Tyler
Quit Playing Games (With My Heart),Backstreet Boys
I Kissed A Girl,Katy Perry
Move Ya Body,"Nina Sky,Jabba"
All For You,Janet Jackson
Here Comes The Hotstepper,iNi Kamoze
imagine,Ariana Grande
ocean eyes,Billie Eilish
As Long as You Love Me,Backstreet Boys
Girl on Fire,Alicia Keys
Black or White,Michael Jackson
Miss Independent,Ne-Yo
Everytime We Touch,Cascada
Woman,Doja Cat
Wildest Dreams,Taylor Swift
Say You'll Be There,Spice Girls
I Like You (A Happier Song) (with Doja Cat),"Post Malone,Doja Cat"
All For You,Janet Jackson
"no body, no crime (feat. HAIM)","Taylor Swift,HAIM"
Smooth Criminal - 2012 Remaster,Michael Jackson
Beat It,Michael Jackson
Black or White,Michael Jackson
Out of Time,The Weeknd
Take My Breath - Single Version,The Weeknd
This Is Your Night,Amber
MIDDLE OF THE NIGHT,Elley Duhé
Closer,Ne-Yo
Bad Habit,Steve Lacy
Anti-Hero,Taylor Swift
Titanium (feat. Sia),"David Guetta,Sia"
I'm Good (Blue),"David Guetta,Bebe Rexha"
E.T.,Katy Perry
Lean On,"Major Lazer,DJ Snake,MØ"
Let Me Love You,"DJ Snake,Justin Bieber"
"Taki Taki (feat. Selena Gomez, Ozuna & Cardi B)","DJ Snake,Selena Gomez,Ozuna,Cardi B"
"SG (with Ozuna, Megan Thee Stallion & LISA of BLACKPINK)","DJ Snake,Ozuna,Megan Thee Stallion,LISA"
Loco Contigo (feat. J. Balvin & Tyga),"DJ Snake,J Balvin,Tyga"
Hold Me Closer,"Elton John,Britney Spears"
Sweetest Pie,"Megan Thee Stallion,Dua Lipa"
Down,"Jay Sean,Lil Wayne"
Kiss Me More (feat. SZA),"Doja Cat,SZA"
Youngblood,5 Seconds of Summer
"What Is Love - 7"" Mix",Haddaway
Style,Taylor Swift
DON'T YOU WORRY,"Black Eyed Peas,Shakira,David Guetta"
Yeah! (feat. Lil Jon & Ludacris),"USHER,Lil Jon,Ludacris"
Let's Get It Started,Black Eyed Peas
Toxic,Britney Spears
Sick of U (with Oliver Tree),"BoyWithUke,Oliver Tree"
This Love,Maroon 5
"no body, no crime (feat. HAIM)","Taylor Swift,HAIM"
MIDDLE OF THE NIGHT,Elley Duhé
Gonna Make You Sweat (Everybody Dance Now) (feat. Freedom Williams),"C & C Music Factory,Freedom Williams"
Hold Me Closer,"Elton John,Britney Spears"
Say You'll Be There,Spice Girls
Sweetest Pie,"Megan Thee Stallion,Dua Lipa"
Vogue,Madonna
Forget Me,Lewis Capaldi
Story of My Life,One Direction
Closer,"The Chainsmokers,Halsey"
Music For a Sushi Restaurant,Harry Styles
Die For You,The Weeknd
I Need a Girl (Pt. 1) [feat. Usher & Loon],"Diddy,Loon,USHER"
No Love For You,"Regard,Drop - G"
Yeah! (feat. Lil Jon & Ludacris),"USHER,Lil Jon,Ludacris"
positions,Ariana Grande
OMG (feat. Quavo),"Camila Cabello,Quavo"
After Dark,Mr.Kitty
Sweet but Psycho,Ava Max
Kings & Queens,Ava Max
The Motto,"Tiësto,Ava Max"
Summer,Calvin Harris
One Kiss (with Dua Lipa),"Calvin Harris,Dua Lipa"
Goodbyes (feat. Young Thug),"Post Malone,Young Thug"
EMPIRE,"(G)I-DLE,WENGIE,MINNIE"
Look At Me!,XXXTENTACION
METAMORPHOSIS,INTERWORLD
Replay,Iyaz
Africa,TOTO
If You Had My Love,Jennifer Lopez
I Knew You Were Trouble.,Taylor Swift
Move Ya Body,"Nina Sky,Jabba"
Get Lucky (Radio Edit) [feat. Pharrell Williams and Nile Rodgers],"Daft Punk,Pharrell Williams,Nile Rodgers"
Sugar (feat. Francesco Yates),"Robin Schulz,Francesco Yates"
"What Is Love - 7"" Mix",Haddaway
I Knew You Were Trouble.,Taylor Swift
Don't You Worry Child - Radio Edit,"Swedish House Mafia,John Martin"
Chambea,Bad Bunny
Players,Coi Leray
Hollaback Girl,Gwen Stefani
Nothin' on You (feat. Bruno Mars),"B.o.B,Bruno Mars"
The Middle,"Zedd,Maren Morris,Grey"
This Is Your Night,Amber
Love The Way You Lie,"Eminem,Rihanna"
The Boy Is Mine,"Brandy,Monica"
Super Freaky Girl,Nicki Minaj
Party Rock Anthem,"LMFAO,Lauren Bennett,GoonRock"
U Can't Touch This,MC Hammer
Calm Down (with Selena Gomez),"Rema,Selena Gomez"
You Make Me Wanna...,USHER
Party In The U.S.A.,Miley Cyrus
Money,The Drums
Fight Back,NEFFEX
RAVE,Dxrk ダーク
Youngblood,5 Seconds of Summer
Blank Space,Taylor Swift
No Scrubs,TLC
Die For You,The Weeknd
All of Me,John Legend
Turn Me On,Kevin Lyttle
Run It! (feat. Juelz Santana),"Chris Brown,Juelz Santana"
Mr. Saxobeat,Alexandra Stan
Love The Way You Lie,"Eminem,Rihanna"
Bubblegum Bitch,MARINA
The Perfect Girl,Mareux
The Perfect Girl - Instrumental,Mareux
Cheap Thrills,Sia
Rude,MAGIC!
Want to Want Me,Jason Derulo
Starships,Nicki Minaj
Diamonds,Rihanna
Last Friday Night (T.G.I.F.),Katy Perry
Wrecking Ball,Miley Cyrus
Element X,Demise.
Balma (feat. Aastha Gill),"Bali,Aastha Gill"
DNA.,Kendrick Lamar
Thinking out Loud,Ed Sheeran
HUMBLE.,Kendrick Lamar
Moonlight,XXXTENTACION
Boy's a Liar,PinkPantheress
Wasted (Nightcore) [Bass Boosted],"Murkish,Huken,harmony haven"
Pray - English Version,Sati Akura
679 (feat. Remy Boyz),"Fetty Wap,Remy Boyz"
Just Dance,"Lady Gaga,Colby O'Donis"
Ice Cream (with Selena Gomez),"BLACKPINK,Selena Gomez"
RITMO (Bad Boys For Life),"Black Eyed Peas,J Balvin"
Try Again (feat. Lauv),"DallasK,Lauv"
Dreamer,Livin' Joy
Floating Down The River,Motion City Soundtrack
Nothin' on You (feat. Bruno Mars),"B.o.B,Bruno Mars"
Party Rock Anthem,"LMFAO,Lauren Bennett,GoonRock"
Rich Girl,Daryl Hall & John Oates
CUFF IT,Beyoncé
Can I Get A...,"JAY-Z,Amil,Ja Rule"
Irreplaceable,Beyoncé
Lavender Haze,Taylor Swift
Rolling in the Deep,Adele
Creepin' (with The Weeknd & 21 Savage),"Metro Boomin,The Weeknd,21 Savage"
One Last Time,Ariana Grande
Love Don't Cost a Thing,Jennifer Lopez
Higher Love,"Kygo,Whitney Houston"
Calm Down (with Selena Gomez),"Rema,Selena Gomez"
My Boo,"USHER,Alicia Keys"
Lose Yourself,Eminem
Crush,Jennifer Paige
My Boo - Hitman's Club Mix,Ghost Town DJs
Don't Stop Movin',Livin' Joy
Livin It Up (with Post Malone & A$AP Rocky),"Young Thug,A$AP Rocky,Post Malone"
Calm Down (with Selena Gomez),"Rema,Selena Gomez"
Cry Me a River,Justin Timberlake
Motion,VOLT VISION
The Final Countdown,Europe
In Da Getto,"J Balvin,Skrillex"
Hot N Cold,Katy Perry
Pepas,Farruko
Enemy (with JID) - from the series Arcane League of Legends,"Imagine Dragons,JID,Arcane,League of Legends"
Smells Like Teen Spirit,Nirvana
Shape of You,Ed Sheeran
The Hills,The Weeknd
Miss The Rage (feat. Playboi Carti),"Trippie Redd,Playboi Carti"
Miss The Rage,azzz
RAPTURE,INTERWORLD
Miss The Rage (feat. Playboi Carti),"Trippie Redd,Playboi Carti"
SUICIDE YEAR,"WEEDMANE,Suicideyear"
Upside Down,Jack Johnson
Stand By Me,Ben E. King
Pumped Up Kicks,Foster The People
Lady - Hear Me Tonight,Modjo
Hypnotize - 2007 Remaster,The Notorious B.I.G.
Hypnotize - 2007 Remaster,The Notorious B.I.G.
I'll Do It,Heidi Montag
changes,XXXTENTACION
Flowers,Miley Cyrus
Heaven,"DJ Sammy,Yanou,Do"
Are You That Somebody,Aaliyah
Total Eclipse of the Heart,Bonnie Tyler
It Feels So Good,Sonique
Stereo Hearts (feat. Adam Levine),"Gym Class Heroes,Adam Levine"
Numb,"Marshmello,Khalid"
Cruel Summer,Taylor Swift
Party Rock Anthem,"LMFAO,Lauren Bennett,GoonRock"
Family Affair,Mary J. Blige
Waiting for Tonight,Jennifer Lopez
Only Girl (In The World),Rihanna
Crazy In Love (feat. Jay-Z),"Beyoncé,JAY-Z"
Let Me Love You,"DJ Snake,Justin Bieber"
S&M,Rihanna
...Baby One More Time,Britney Spears
I'll Do It,Ayesha Erotica
Sunroof,"Nicky Youre,dazy"
Wasted (Nightcore) [Bass Boosted],"Murkish,Huken,harmony haven"
Hold Me Closer,"Elton John,Britney Spears"
Lost Boy,The Midnight
but inside doesn't matter,"IsmailBaba,rufflws,Lythx,Demircan"
Invisible,"Zeus X Crona,Julius Dreisig"
Candy,Doja Cat
Bad At Love,Halsey
Boom Boom Pow,Black Eyed Peas
Maria Maria (feat. The Product G&B),"Santana,The Product G&B"
Cradles,Sub Urban
Miss You - Bonus Track,"Oliver Tree,Robin Schulz"
Move Your Body,"Öwnboss,Sevek"
help_urself,Ezekiel
Body,"Loud Luxury,Brando"
Wolves,"Selena Gomez,Marshmello"
Kids - Reprise,The Midnight
greedy,Tate McRae
Kerosene,Crystal Castles
Disturbia,Rihanna
Bon Appétit,"Katy Perry,Migos"
Waves - Robin Schulz Radio Edit,"Mr. Probz,Robin Schulz"
Better Off Alone,Alice Deejay
警告和歌词,夹谷长
Family Affair,Mary J. Blige
Stan,"Eminem,Dido"
Locked Away (feat. Adam Levine),"R. City,Adam Levine"
How Deep Is Your Love,"Calvin Harris,Disciples"
Time of Our Lives,"Pitbull,Ne-Yo"
Centuries,Fall Out Boy
Stitches,Shawn Mendes
The Nights,Avicii
Stressed Out,Twenty One Pilots
Rude,MAGIC!
Can't Hold Us (feat. Ray Dalton),"Macklemore & Ryan Lewis,Macklemore,Ryan Lewis,Ray Dalton"
Stayin Alive,Bee Gees
Thriller,Michael Jackson
Low (feat. T-Pain),"Flo Rida,T-Pain"
We Found Love,"Rihanna,Calvin Harris"
In Da Getto,"J Balvin,Skrillex"
Hot N Cold,Katy Perry
Livin' On A Prayer,Bon Jovi
Since U Been Gone,Kelly Clarkson
Time of Our Lives,"Pitbull,Ne-Yo"
Body,"Loud Luxury,Brando"
Why Do I?,"Bri Tolani,Unknown Brain"
Shine,Spektrem
Sky High,Elektronomia
Blank,Disfigure
Fearless Pt. II,"Lost Sky,Chris Linton"
Symbolism,Electro-Light
"Sit Still, Look Pretty",Daya
Frank Saint - Slowed,core²
Used To Be Young,Miley Cyrus
Together Again,Janet Jackson
Together Forever,Rick Astley
Stereo Love - Original,"Edward Maya,Vika Jigulina"
The Business,Tiësto
Los Angeles,The Midnight
me & ur ghost,blackbear
The Promise,When In Rome
Magnetic,ILLIT
The Sweet Escape,"Gwen Stefani,Akon"
Invisible Touch,Genesis
Maniac,Michael Sembello
Lonely Dance,Vexento
"Baby, It's Cold Outside (with Dorothy Kirsten)","Frank Sinatra,Dorothy Kirsten"
Return of the Mack,Mark Morrison
Whistle,Flo Rida
Burn,Ellie Goulding
Part Of Me,Katy Perry
Me And My Broken Heart,Rixton
Sorry,Justin Bieber
Hymn for the Weekend,Coldplay
Bang Bang,"Jessie J,Ariana Grande,Nicki Minaj"
Die Young,Kesha
"Cello Suite No. 1 in G Major, BWV 1007: I. Prélude","Johann Sebastian Bach,Yo-Yo Ma"
"Take My Breath Away - Love Theme from ""Top Gun""",Berlin
Royalty,"Egzod,Maestro Chives,Neoni"
Airplanes (feat. Hayley Williams of Paramore),"B.o.B,Hayley Williams"
Symphony (feat. Zara Larsson),"Clean Bandit,Zara Larsson"
"Hey, Soul Sister",Train
Cool Kids,Echosmith
A Sky Full of Stars,Coldplay
Yellow,Coldplay
Viva La Vida,Coldplay
Treasure,Bruno Mars
Make You Mine,PUBLIC
Talking to the Moon,Bruno Mars
LOVELY BASTARDS,"ZWE1HVNDXR,yatashigang"
i like the way you kiss me,Artemas
snowfall,"Øneheart,reidenshi"
Past Lives,"sapientdream,Slushii"
Falling,Trevor Daniel
Space Song,Beach House
all I want is you,"Rebzyyx,hoshie star"
i was only temporary,my head is empty
Freaks,Surf Curse
Notion,The Rare Occasions
Leave The Door Open,"Bruno Mars,Anderson .Paak,Silk Sonic"
Marry You,Bruno Mars
Moan - Trentemøller Remix Radio Edit,trentemøller
MONTAGEM CORAL 1.0,SHADXWLXRD
SLAY!,Eternxlkz
✻H+3+ЯД✻7luCJIo0T6...,vyrval
DERNIERE DANCE FUNK,"ZODIVK,YXUNGXROTICA,MC KRAKEN"
CUTE DEPRESSED,Dyan Dxddy
MASHA ULTRAFUNK,"HISTED,TXVSTERPLAYA"
"My Heart Will Go On - Love Theme from ""Titanic""",Céline Dion
My Heart,"Different Heaven,EH!DE"
The Lost Soul Down X Lost Soul,NBSPLV
Sweet Dreams (Are Made of This) - Remastered,"Eurythmics,Annie Lennox,Dave Stewart"
Let's Groove,"Earth, Wind & Fire"
September,"Earth, Wind & Fire"
Somebody's Watching Me,Rockwell
Break My Stride,Matthew Wilder
Just the Two of Us (feat. Bill Withers),"Grover Washington, Jr.,Bill Withers"
Billionaire (feat. Bruno Mars),"Travie McCoy,Bruno Mars"
Bécane - A COLORS SHOW,Yamê
The Spectre,Alan Walker
Pedro,"Jaxomy,Agatino Romero,Raffaella Carrà"
Scheming - Instrumental,you lost
Krusty Krab Spongebob Trap Remix Vine Theme,William Jacobs
"Theme (From ""The X Files"")",Mark Ayres
Never Gonna Give You Up,Rick Astley
Sad Romance (A.K.A. Sad Violin),Ji Pyeong Kwon
Kung Fu Fighting,Carl Douglas
Shooting Stars,Bag Raiders
Air Horn,Gabriel Mercado
Careless Whisper,George Michael
Wild Thoughts (feat. Rihanna & Bryson Tiller),"DJ Khaled,Rihanna,Bryson Tiller"
End of Beginning,Djo
Resonance,Home
SimpsonWave1995,FrankJavCee
MILLION DOLLAR BABY,Tommy Richman
Girls Just Want to Have Fun,Cyndi Lauper
Candyland,Tobu
Alone,Marshmello
Sunburst,"Tobu,Itro"
Firefly,Jim Yosef
Cloud 9,Beach Bunny
Sky High,Elektronomia
Woman Like Me (feat. Nicki Minaj),"Little Mix,Nicki Minaj"
Take on Me,a-ha
Heaven,Bryan Adams
Don't Turn Around,Ace of Base
Angel,"Shaggy,Rayvon"
Celebration,Kool & The Gang
Carol Of The Bells,David Foster
Your Love,The Outfield
Where you are (Vocals only),Halal Beats
20 Min,Lil Uzi Vert
JAPAN,Famous Dex
Just Wanna Rock,Lil Uzi Vert
About Damn Time,Lizzo
Superhero (Heroes & Villains) [with Future & Chris Brown],"Metro Boomin,Future,Chris Brown"
Something In The Way,Nirvana
I Ain't Worried,OneRepublic
Monëy so big,Yeat
Rich Flex,"Drake,21 Savage"
Close Eyes,DVRST
WITHOUT YOU,The Kid LAROI
abcdefu,GAYLE
Don't Turn Around,Ace of Base
"WHATS POPPIN (feat. DaBaby, Tory Lanez & Lil Wayne) - Remix","Jack Harlow,Tory Lanez,DaBaby,Lil Wayne"
Lovin On Me,Jack Harlow
First Class,Jack Harlow
WHATS POPPIN,Jack Harlow
INDUSTRY BABY (feat. Jack Harlow),"Lil Nas X,Jack Harlow"
Old Town Road - Remix,"Lil Nas X,Billy Ray Cyrus"
Everybody Wants To Rule The World,Tears For Fears
(I Just) Died In Your Arms,Cutting Crew
The Promise,When In Rome
A Thousand Miles,Vanessa Carlton
Everybody Dies In Their Nightmares,XXXTENTACION
Everybody (feat. Lil Uzi Vert),"Nicki Minaj,Lil Uzi Vert"
Nasheed,Sunnah
Riptide,Vance Joy
Fireflies,Owl City
Ho Hey,The Lumineers
Broken Angel (feat. Helena),"Arash,Helena"
We Are Family - 1995 Remaster,Sister Sledge
Running Away (Time),"VANO 3000,BADBADNOTGOOD,Samuel T. Herring"
Hey Sexy Lady,"Shaggy,Brian & Tony Gold"
Kiss Me Thru The Phone,"Soulja Boy,Sammie"
Trap Queen,Fetty Wap
Ya Adheeman,Ahmed Bukhatir
